p,f,ler_dh,rec_dh,ler_rbp,rec_rbp,ler_sw,rec_sw,ler_rnd
0.006,0.1,0.0016,0.8513513513513513,0.00325,0.4054054054054054,0.0039,0.22972972972972974,0.00438175
0.006,0.2,0.00135,0.9189189189189189,0.0022,0.6891891891891891,0.00365,0.29729729729729726,0.00404525
0.006,0.3,0.0012,0.9594594594594594,0.00175,0.8108108108108107,0.0029,0.5,0.0036512500000000004
0.007,0.1,0.0071,0.810126582278481,0.01395,0.37658227848101267,0.01595,0.2500000000000001,0.01841175
0.007,0.2,0.00545,0.9145569620253164,0.0114,0.5379746835443038,0.01385,0.38291139240506333,0.016857
0.007,0.3,0.005,0.9430379746835442,0.0095,0.6582278481012659,0.0123,0.4810126582278481,0.015312250000000001
0.008,0.1,0.03295,0.6757369614512472,0.0499,0.29138321995464855,0.054,0.19841269841269843,0.058491
0.008,0.2,0.0253,0.8492063492063492,0.0417,0.47732426303854875,0.0484,0.3253968253968254,0.05425850000000001
0.008,0.3,0.02215,0.9206349206349206,0.03545,0.619047619047619,0.04295,0.44897959183673464,0.050077250000000004
