p,f_esc,method,ler,ler_lo,ler_hi,n_fail,n_shots,n_esc,R,note
0.008,0.0,d_h,0.0513,0.0484,0.05420125,1026,20000,0,0.0,f=0 is OSD-0 for every router
0.008,0.0,r_bp,0.0513,0.0484,0.05420125,1026,20000,0,0.0,f=0 is OSD-0 for every router
0.008,0.0,syn_weight,0.0513,0.0484,0.05420125,1026,20000,0,0.0,f=0 is OSD-0 for every router
0.008,0.0,random,0.0513,0.0484,0.05420125,1026,20000,0,0.0,f=0 is OSD-0 for every router
0.008,0.1,d_h,0.02705,0.0245,0.0292,541,20000,2000,0.7976973684210525,exact matched-budget top-k to K=1000
0.008,0.1,r_bp,0.03905,0.0364,0.041751250000000004,781,20000,2000,0.4029605263157894,exact matched-budget top-k to K=1000
0.008,0.1,syn_weight,0.04365,0.04055,0.04615,873,20000,2000,0.25164473684210514,exact matched-budget top-k to K=1000
0.008,0.1,random,0.04828325000000001,0.04749875,0.04895125,965.6650000000002,20000,2000,0.09923519736842078,exact matched-budget top-k to K=1000
0.008,0.2,d_h,0.02275,0.0206,0.02445,455,20000,4000,0.9391447368421052,exact matched-budget top-k to K=1000
0.008,0.2,r_bp,0.0329,0.0304,0.035451250000000004,658,20000,4000,0.6052631578947368,exact matched-budget top-k to K=1000
0.008,0.2,syn_weight,0.0386,0.03584875,0.04085,772,20000,4000,0.4177631578947367,exact matched-budget top-k to K=1000
0.008,0.2,random,0.045250250000000006,0.04425,0.04630125,905.0050000000001,20000,4000,0.19900493421052606,exact matched-budget top-k to K=1000
0.008,0.3,d_h,0.02145,0.0195,0.0235,429,20000,6000,0.981907894736842,exact matched-budget top-k to K=1000
0.008,0.3,r_bp,0.02805,0.02565,0.0301,561,20000,6000,0.7648026315789473,exact matched-budget top-k to K=1000
0.008,0.3,syn_weight,0.0339,0.03144875,0.03655,678,20000,6000,0.5723684210526315,exact matched-budget top-k to K=1000
0.008,0.3,random,0.04224775000000001,0.04085,0.0435025,844.9550000000002,20000,6000,0.29777138157894706,exact matched-budget top-k to K=1000
0.008,1.0,d_h,0.02095,0.019,0.0229,419,20000,20000,0.9983552631578947,f=1 is always K=1000 for every router
0.008,1.0,r_bp,0.02095,0.019,0.0229,419,20000,20000,0.9983552631578947,f=1 is always K=1000 for every router
0.008,1.0,syn_weight,0.02095,0.019,0.0229,419,20000,20000,0.9983552631578947,f=1 is always K=1000 for every router
0.008,1.0,random,0.02095,0.019,0.0229,419,20000,20000,0.9983552631578947,f=1 is always K=1000 for every router
0.008,,osd0_ref,0.0513,0.0484,0.05420125,1026,20000,,,horizontal OSD-0 reference
0.008,,k1000_ref,0.02095,0.019,0.0229,419,20000,,,horizontal always-K=1000 reference
0.008,,full1fv_ref,0.0209,0.019098749999999998,0.022903749999999997,418,20000,,,horizontal full-1FV reference; 1 shot from K=1000
0.009,0.0,d_h,0.1016,0.09764875,0.10570125,2032,20000,0,0.0,f=0 is OSD-0 for every router
0.009,0.0,r_bp,0.1016,0.09764875,0.10570125,2032,20000,0,0.0,f=0 is OSD-0 for every router
0.009,0.0,syn_weight,0.1016,0.09764875,0.10570125,2032,20000,0,0.0,f=0 is OSD-0 for every router
0.009,0.0,random,0.1016,0.09764875,0.10570125,2032,20000,0,0.0,f=0 is OSD-0 for every router
0.009,0.1,d_h,0.06585,0.06215,0.06975375,1317,20000,2000,0.6494096276112624,exact matched-budget top-k to K=1000
0.009,0.1,r_bp,0.0843,0.08035,0.08825374999999999,1686,20000,2000,0.3142597638510445,exact matched-budget top-k to K=1000
0.009,0.1,syn_weight,0.0887,0.0848,0.09275,1774,20000,2000,0.23433242506811983,exact matched-budget top-k to K=1000
0.009,0.1,random,0.09613175,0.0950975,0.09705,1922.635,20000,2000,0.09933242506811979,exact matched-budget top-k to K=1000
0.009,0.2,d_h,0.0539,0.05064875,0.0574,1078,20000,4000,0.8664850136239781,exact matched-budget top-k to K=1000
0.009,0.2,r_bp,0.07275,0.06895,0.07650124999999999,1455,20000,4000,0.5240690281562217,exact matched-budget top-k to K=1000
0.009,0.2,syn_weight,0.07975,0.07605,0.08385,1595,20000,4000,0.396911898274296,exact matched-budget top-k to K=1000
0.009,0.2,random,0.09054299999999998,0.08905,0.09190124999999999,1810.8599999999997,20000,4000,0.200853769300636,exact matched-budget top-k to K=1000
0.009,0.3,d_h,0.0495,0.04659875,0.05235,990,20000,6000,0.9464123524069028,exact matched-budget top-k to K=1000
0.009,0.3,r_bp,0.06495,0.0614,0.06825125,1299,20000,6000,0.6657584014532244,exact matched-budget top-k to K=1000
0.009,0.3,syn_weight,0.07345,0.0695475,0.07665,1469,20000,6000,0.5113533151680291,exact matched-budget top-k to K=1000
0.009,0.3,random,0.08502974999999999,0.0834,0.08640250000000001,1700.5949999999998,20000,6000,0.301003633060854,exact matched-budget top-k to K=1000
0.009,1.0,d_h,0.0466,0.043748749999999996,0.0497,932,20000,20000,0.9990917347865577,f=1 is always K=1000 for every router
0.009,1.0,r_bp,0.0466,0.043748749999999996,0.0497,932,20000,20000,0.9990917347865577,f=1 is always K=1000 for every router
0.009,1.0,syn_weight,0.0466,0.043748749999999996,0.0497,932,20000,20000,0.9990917347865577,f=1 is always K=1000 for every router
0.009,1.0,random,0.0466,0.043748749999999996,0.0497,932,20000,20000,0.9990917347865577,f=1 is always K=1000 for every router
0.009,,osd0_ref,0.1016,0.09764875,0.10570125,2032,20000,,,horizontal OSD-0 reference
0.009,,k1000_ref,0.0466,0.043748749999999996,0.0497,932,20000,,,horizontal always-K=1000 reference
0.009,,full1fv_ref,0.04655,0.0439475,0.0497,931,20000,,,horizontal full-1FV reference; 1 shot from K=1000
