p,n,ler_osd0,ler_k1000,ler_full,rel_improvement_full,WC,CW,net,k_free,meets_criterion
0.0001,500,0.0,0.0,0.0,nan,0,0,0,41014,False
0.0003,500,0.0,0.0,0.0,nan,0,0,0,41014,False
0.0005,500,0.0,0.0,0.0,nan,0,0,0,41014,False
0.001,500,0.01,0.008,0.006,0.4,3,1,2,41014,False
0.002,500,0.114,0.042,0.044,0.6140350877192983,35,0,35,41014,True
0.003,500,0.316,0.206,0.2,0.36708860759493667,58,0,58,41014,True
0.004,500,0.638,0.506,0.512,0.1974921630094044,65,2,63,41014,False
0.005,500,0.866,0.794,0.788,0.09006928406466508,40,1,39,41014,False
0.006,500,0.95,0.926,0.916,0.03578947368421044,20,3,17,41014,False
